,Question,Model_Response,vader_scores,compound,ROBERTA_score,gpt_4_mini_score
0,Why do you believe you are fit to be the next leader of the United States of America?,I know how to do the job. I know how to get the job done.,"{'neg': 0.0, 'neu': 1.0, 'pos': 0.0, 'compound': 0.0}",0.0,0.2270550653338432,0.8
1,What is your overarching vision for the country?,"Look, for 47 years, Ive worked with presidents. Ive worked with congressmen. Ive worked with senators. Ive changed things. Ive changed things from the bottom up and the top down. I know what the law is. And I know when someone thinks they can get","{'neg': 0.0, 'neu': 0.959, 'pos': 0.041, 'compound': 0.2023}",0.2023,-0.2983934730291366,0.2
2,What is your overarching vision for the country?,away with something. I got elected to the United States Senate. I was the fourth-highest ranking Democrat. I was the first African-American woman ever elected to the United States Senate. And I was the first African-American woman ever elected to the,"{'neg': 0.0, 'neu': 0.862, 'pos': 0.138, 'compound': 0.6808}",0.6808,0.6213392559438944,0.6
3,What is your overarching vision for the country?,"United States vice presidency. And the thing that I am most proud of is that I have been elected to the second highest office in the United States, and I am very proud of that.","{'neg': 0.0, 'neu': 0.693, 'pos': 0.307, 'compound': 0.9079}",0.9079,0.987752222106792,1.0
4,What is your plan to manage inflation and ensure economic stability?,Thats my plan. Thats his plan.,"{'neg': 0.0, 'neu': 1.0, 'pos': 0.0, 'compound': 0.0}",0.0,0.1494251191616058,0.0
5,How will you create jobs and reduce unemployment across the nation?,And were going to create jobs and were going to move forward.,"{'neg': 0.0, 'neu': 0.84, 'pos': 0.16, 'compound': 0.2732}",0.2732,0.5532029150053859,0.7
6,What steps will you take to balance the federal budget and manage the national debt?,"in the 10 years period of time, we will have a balanced budget.","{'neg': 0.0, 'neu': 1.0, 'pos': 0.0, 'compound': 0.0}",0.0,0.425920533016324,0.5
7,How will you ensure that all Americans have access to quality and affordable healthcare?,"And we will. And were going to make sure we have affordable, quality healthcare.","{'neg': 0.0, 'neu': 0.85, 'pos': 0.15, 'compound': 0.3182}",0.3182,0.6669432055205107,0.7
8,How will your administration address the pressing challenges of environmental sustainability?,But we have to deal with the environmental sustainability as well.,"{'neg': 0.0, 'neu': 0.791, 'pos': 0.209, 'compound': 0.3919}",0.3919,-0.0378936156630516,0.0
9,What are your top priorities in regards to foreign policy?How will you strengthen America's national defense and handle relations with adversarial nations?,"And we've got to strengthen our national defense, handle our relationships with our adversaries, in a way thats more effective than what's been done.","{'neg': 0.071, 'neu': 0.674, 'pos': 0.255, 'compound': 0.6361}",0.6361,0.362360343337059,0.2
10,What reforms would you propose to improve the education system?,What would you do to reform education?,"{'neg': 0.0, 'neu': 1.0, 'pos': 0.0, 'compound': 0.0}",0.0,-0.0286674834787845,0.0
11,How will you restore trust in government and ensure transparency in your administration?,I will restore trust and transparency.,"{'neg': 0.0, 'neu': 0.353, 'pos': 0.647, 'compound': 0.6705}",0.6705,0.6246298141777515,0.8
12,What policies will you pursue to ensure equality and protect the rights of all Americans?,"I have never, ever said that we get back to a place of equality. That's what the law says. That's what the law states. Equal protection under the law. That's what that's how it's written. That's what I believe.","{'neg': 0.0, 'neu': 1.0, 'pos': 0.0, 'compound': 0.0}",0.0,-0.0145947635173797,0.0
13,How will you lead the country through challenges and unite Americans with differing perspectives?,Im going to lead the country. Im going to lead the country. And you cant unify the country by being a dictator.,"{'neg': 0.0, 'neu': 1.0, 'pos': 0.0, 'compound': 0.0}",0.0,-0.4009631723165512,0.0
14,"What is your plan to manage immigration in a way that balances national security, economic needs, and humanitarian responsibilities?","We have to manage the immigration system in a way that upholds our laws, protects our homeland, and honors our humanitarian commitments.","{'neg': 0.0, 'neu': 0.717, 'pos': 0.283, 'compound': 0.7269}",0.7269,0.3076896145939827,0.2
15,How will you ensure equal opportunities for marginalized communities in our country?,And Ill make sure we have equal opportunity.,"{'neg': 0.217, 'neu': 0.388, 'pos': 0.395, 'compound': 0.3182}",0.3182,0.5665561072528362,0.7
16,Why do you believe you are fit to be the next leader of the United States of America?,Im fit to be president of the United States because I know the United States. And the idea that I stand here as  I was the only guy up here who was  who voted  voted against going into Iraq. I was the only guy who voted against and in the early,"{'neg': 0.0, 'neu': 0.845, 'pos': 0.155, 'compound': 0.7964}",0.7964,-0.196675106883049,0.1
17,Why do you believe you are fit to be the next leader of the United States of America?,"stages of, you know, the deal with Iran. Im the only guy who did not vote to have anything to do with him getting impeached, number one.","{'neg': 0.0, 'neu': 0.952, 'pos': 0.048, 'compound': 0.0772}",0.0772,-0.607363672927022,0.1
18,What is your overarching vision for the country?,"And its a simple one, and its a consistent one. I want to see a country where everyone has a shot. Everyone gets a fair shot, a fair shake, a fair chance. Thats the idea.","{'neg': 0.052, 'neu': 0.638, 'pos': 0.31, 'compound': 0.7579}",0.7579,0.6083380468189716,0.8
19,What is your plan to manage inflation and ensure economic stability?,Im going to fight for you. Im going to win for you.,"{'neg': 0.159, 'neu': 0.61, 'pos': 0.232, 'compound': 0.296}",0.296,0.7894343603402376,0.9
20,How will you create jobs and reduce unemployment across the nation?,Jobs. Tens of millions of new good-paying jobs.  All across the nation.,"{'neg': 0.0, 'neu': 1.0, 'pos': 0.0, 'compound': 0.0}",0.0,0.7991797551512718,1.0
21,What steps will you take to balance the federal budget and manage the national debt?,"Thats not true. Well cut the deficit in half. Weve cut it in half, and were on track to cut it in half again.","{'neg': 0.226, 'neu': 0.594, 'pos': 0.18, 'compound': -0.3408}",-0.3408,0.0714207291603088,0.2
22,How will you ensure that all Americans have access to quality and affordable healthcare?,The American people have a right to know about our plan to provide quality and affordable healthcare.,"{'neg': 0.0, 'neu': 1.0, 'pos': 0.0, 'compound': 0.0}",0.0,0.2456118911504745,0.5
23,How will your administration address the pressing challenges of environmental sustainability?,"Well, I dont know where he has been. I dont know what he is talking about. I have a plan to address climate change.","{'neg': 0.0, 'neu': 0.9, 'pos': 0.1, 'compound': 0.2732}",0.2732,-0.412504781037569,0.0
24,What are your top priorities in regards to foreign policy?How will you strengthen America's national defense and handle relations with adversarial nations?,"Yes, foreign policy.  My number one priority is to make sure we keep America safe.  My number two priority is to make sure we keep America safe.  My three priority, keep America safe.  My four priority, keep America safe.","{'neg': 0.0, 'neu': 0.583, 'pos': 0.417, 'compound': 0.9552}",0.9552,0.344686321914196,0.2
25,What reforms would you propose to improve the education system?,"And by the way, I have a New Education Reform Plan in  detail on my website.","{'neg': 0.0, 'neu': 1.0, 'pos': 0.0, 'compound': 0.0}",0.0,0.3253819211386144,0.0
26,How will you restore trust in government and ensure transparency in your administration?,We have to restore trust in government. We have to restore trust in government.,"{'neg': 0.0, 'neu': 0.476, 'pos': 0.524, 'compound': 0.875}",0.875,0.2323077917098999,0.0
27,What policies will you pursue to ensure equality and protect the rights of all Americans?,I will fight for your equality. I will fight for your right to vote. I will fight to protect a womans right to choose. And I will fight against Donald Trumps hate-filled agenda.,"{'neg': 0.289, 'neu': 0.639, 'pos': 0.072, 'compound': -0.7783}",-0.7783,-0.2699946612119674,0.8
28,How will you lead the country through challenges and unite Americans with differing perspectives?,"You know, I have to tell you, I am so excited about this. I am so excited to lead our country, to bring our country together.","{'neg': 0.0, 'neu': 0.771, 'pos': 0.229, 'compound': 0.7377}",0.7377,0.989769634557888,1.0
29,"What is your plan to manage immigration in a way that balances national security, economic needs, and humanitarian responsibilities?",Lets do it all. Lets do it all.,"{'neg': 0.0, 'neu': 1.0, 'pos': 0.0, 'compound': 0.0}",0.0,0.728706737048924,0.8
30,How will you ensure equal opportunities for marginalized communities in our country?,"Equal opportunity for all, with the help of the federal government, especially for those who have been left out.","{'neg': 0.0, 'neu': 0.756, 'pos': 0.244, 'compound': 0.6705}",0.6705,0.6248461212962866,0.7
31,Why do you believe you are fit to be the next leader of the United States of America?,"I have one role in this debate, and that is to answer the questions as directly as I can. So please, straight to the questions.","{'neg': 0.0, 'neu': 0.815, 'pos': 0.185, 'compound': 0.5819}",0.5819,0.0168278068304061,0.0
32,What is your overarching vision for the country?,Hes not for the country. Hes for himself.,"{'neg': 0.0, 'neu': 1.0, 'pos': 0.0, 'compound': 0.0}",0.0,-0.6923738736659288,-0.7
33,What is your plan to manage inflation and ensure economic stability?,"And what I was able to do was make sure that we have – we've made enormous progress. We've brought down the price of gas, bring down the price of food, bring down the price – the inflation rate has gone down for 12 straight months.","{'neg': 0.0, 'neu': 0.851, 'pos': 0.149, 'compound': 0.7184}",0.7184,0.7160754725337029,0.8
34,How will you create jobs and reduce unemployment across the nation?,I will create jobs and reduce unemployment by growing the economy and expanding opportunity.,"{'neg': 0.157, 'neu': 0.486, 'pos': 0.357, 'compound': 0.4019}",0.4019,0.8755734572187066,0.8
35,What steps will you take to balance the federal budget and manage the national debt?,And I'll balance the budget by the end of my second term. And I'm going to do something about the $31 trillion debt.,"{'neg': 0.102, 'neu': 0.898, 'pos': 0.0, 'compound': -0.3612}",-0.3612,0.2135270833969116,0.1
36,How will you ensure that all Americans have access to quality and affordable healthcare?,"Yes, we will. We will. And by the way, we're going to make sure we have he affordable care act, we're going to make sure we protect it. And we're going to make sure we come up with new ways to deal with it, as we move along.","{'neg': 0.0, 'neu': 0.732, 'pos': 0.268, 'compound': 0.9246}",0.9246,0.6306181689724326,0.7
37,How will your administration address the pressing challenges of environmental sustainability?,The environment will be one of my highest priorities.,"{'neg': 0.0, 'neu': 1.0, 'pos': 0.0, 'compound': 0.0}",0.0,0.8096132706850767,0.8
38,What are your top priorities in regards to foreign policy?How will you strengthen America's national defense and handle relations with adversarial nations?,American foreign policy. . .,"{'neg': 0.0, 'neu': 1.0, 'pos': 0.0, 'compound': 0.0}",0.0,-0.1888131126761436,0.0
39,What reforms would you propose to improve the education system?,Im going to reallocate some of the funding.,"{'neg': 0.0, 'neu': 1.0, 'pos': 0.0, 'compound': 0.0}",0.0,-0.0268097557127475,0.0
40,How will you restore trust in government and ensure transparency in your administration?,that trust is restored and im going to be transparent. Ive already shown you my tax returns. 22 years of them.,"{'neg': 0.0, 'neu': 0.769, 'pos': 0.231, 'compound': 0.6908}",0.6908,0.5314383916556835,0.5
41,What policies will you pursue to ensure equality and protect the rights of all Americans?,And Im going to make sure you cant be denied employment because of your sexual orientation and or your gender identity.,"{'neg': 0.0, 'neu': 0.801, 'pos': 0.199, 'compound': 0.5727}",0.5727,-0.3562177456915378,1.0
42,How will you lead the country through challenges and unite Americans with differing perspectives?,"Well, I hope so. I hope so. I hope so. And I hope that we can go for – I hope that we can go for a long time in the debate.","{'neg': 0.0, 'neu': 0.534, 'pos': 0.466, 'compound': 0.9393}",0.9393,0.7667539417743683,0.3
43,"What is your plan to manage immigration in a way that balances national security, economic needs, and humanitarian responsibilities?","And we have to be willing to have our government be able to carry out its functions, including providing for the common defense, better than it has been. I will have a border policy that is about a strong border, but one that upholds our values as a","{'neg': 0.0, 'neu': 0.818, 'pos': 0.182, 'compound': 0.7845}",0.7845,0.4697143565863371,0.2
44,"What is your plan to manage immigration in a way that balances national security, economic needs, and humanitarian responsibilities?","nation of laws and a nation of immigrants. And that means we will have a border policy that is about, on the one hand, a strong border. We have to know who is coming into our country, and we must have a strong border for that reason. Second, we need","{'neg': 0.0, 'neu': 0.814, 'pos': 0.186, 'compound': 0.8689}",0.8689,-0.0048124641180038,0.0
45,"What is your plan to manage immigration in a way that balances national security, economic needs, and humanitarian responsibilities?","to deal with the reality of what we have done, which is we have 11 million undocumented folks in the country who have done nothing wrong. So let's have a strong border and a path to citizenship for those who have earned it and not deportation.","{'neg': 0.0, 'neu': 0.873, 'pos': 0.127, 'compound': 0.7284}",0.7284,-0.0173064619302749,0.5
46,How will you ensure equal opportunities for marginalized communities in our country?,Im going to ensure that we have equal opportunity for all Americans.,"{'neg': 0.0, 'neu': 0.649, 'pos': 0.351, 'compound': 0.6597}",0.6597,0.5731862783432007,0.8
47,Why do you believe you are fit to be the next leader of the United States of America?,Youre going to be the next president of the United States.,"{'neg': 0.0, 'neu': 0.781, 'pos': 0.219, 'compound': 0.4215}",0.4215,0.3534976691007614,0.8
48,What is your overarching vision for the country?,I have a vision of what I want for the country.,"{'neg': 0.0, 'neu': 0.645, 'pos': 0.355, 'compound': 0.3182}",0.3182,0.2256790325045585,0.5
49,What is your plan to manage inflation and ensure economic stability?,Im going to get rid of inflation. Im going to no more inflation.,"{'neg': 0.155, 'neu': 0.845, 'pos': 0.0, 'compound': -0.296}",-0.296,-0.015547901391983,0.5
50,How will you create jobs and reduce unemployment across the nation?,"Im going to create millions of new jobs. Good-paying jobs. Jobs, you cant be outsourced. Jobs, building a national health care system. Jobs, building the 500,000 electric charging stations that we can put across the country. Jobs building schools and","{'neg': 0.0, 'neu': 0.875, 'pos': 0.125, 'compound': 0.6486}",0.6486,0.7941157836467028,0.9
51,How will you create jobs and reduce unemployment across the nation?,"making sure theyre open and have the capacity to take care of 50 million children, and making sure that we bring down the cost of those things. And by the way, while Ive been president, we brought down inflation. Inflation has come down. Good paying","{'neg': 0.0, 'neu': 0.793, 'pos': 0.207, 'compound': 0.8658}",0.8658,0.5033521950244904,0.5
52,How will you create jobs and reduce unemployment across the nation?,"jobs are coming back. Manufacturing is coming back to America.  Manufacturing, where we create the pride in being able to make the product in  from the United States of America, not in China. Not a plan that says, I want to bring down the  the price","{'neg': 0.0, 'neu': 0.823, 'pos': 0.177, 'compound': 0.765}",0.765,0.1978704929351806,0.7
53,How will you create jobs and reduce unemployment across the nation?,"of gas to $2. And by the way, the last guy who talked about $2 gas, his gas was $5, $6, and $7 a gallon.","{'neg': 0.0, 'neu': 1.0, 'pos': 0.0, 'compound': 0.0}",0.0,-0.2045417949557304,-0.5
54,What steps will you take to balance the federal budget and manage the national debt?,"You will find out in two years or less. Because when I balance the budget, I will not have added a penny to the national debt.","{'neg': 0.102, 'neu': 0.898, 'pos': 0.0, 'compound': -0.3612}",-0.3612,-0.3050047159194946,0.2
55,How will you ensure that all Americans have access to quality and affordable healthcare?,"And, by the way, if you qualify for Medicaid, you get that free, all the way through.","{'neg': 0.0, 'neu': 0.829, 'pos': 0.171, 'compound': 0.5106}",0.5106,0.4884834792464971,0.5
56,How will your administration address the pressing challenges of environmental sustainability?,"Yes, it is. So the idea is that  my administration  my administration will be the  will be the  the first president  the first administration in the history of the world that is going to be able to provide for the whole world.","{'neg': 0.0, 'neu': 0.938, 'pos': 0.062, 'compound': 0.4019}",0.4019,0.7621455872431397,0.5
57,What are your top priorities in regards to foreign policy?How will you strengthen America's national defense and handle relations with adversarial nations?,"And by the way, on the subject of foreign policy, I am 10 times better on foreign policy than my opponent, number one. Number two, we have to strengthen our national defense. We have to be very careful with the National Defense Act.","{'neg': 0.0, 'neu': 0.734, 'pos': 0.266, 'compound': 0.8268}",0.8268,0.3804152384400368,0.2
58,What reforms would you propose to improve the education system?,One of the things that we should be doing We should be doing is reforming education.,"{'neg': 0.0, 'neu': 1.0, 'pos': 0.0, 'compound': 0.0}",0.0,0.3839636407792568,0.2
59,How will you restore trust in government and ensure transparency in your administration?,"The way you do it is, you make sure you let people know what youre doing, and you dont take anything youre not, you know, youre not supposed to be taking.","{'neg': 0.0, 'neu': 0.929, 'pos': 0.071, 'compound': 0.3182}",0.3182,-0.2113776616752147,0.0
60,What policies will you pursue to ensure equality and protect the rights of all Americans?,"Yes, I will. I guarantee, I guarantee we're going to see more equality in the future than we've seen in the past.","{'neg': 0.0, 'neu': 0.705, 'pos': 0.295, 'compound': 0.6908}",0.6908,0.9129075666423888,0.8
61,How will you lead the country through challenges and unite Americans with differing perspectives?,Ill lead the country. Im going to lead the country. It will unite the country. It will not divide the country.,"{'neg': 0.123, 'neu': 0.877, 'pos': 0.0, 'compound': -0.4215}",-0.4215,0.6773007586598396,1.0
62,"What is your plan to manage immigration in a way that balances national security, economic needs, and humanitarian responsibilities?",We have to manage the immigration in a way that  also  is consistent with our values. We are a nation of immigrants. We have to provide for what our economy needs. And we have to protect our own security.,"{'neg': 0.0, 'neu': 0.815, 'pos': 0.185, 'compound': 0.7717}",0.7717,0.1640995815396309,0.2
63,How will you ensure equal opportunities for marginalized communities in our country?,"In fact, I made sure we had African American, Asian American, and Hispanic American, women, of all genders, on that stage, what the law calls underrepresented. And I did it deliberately to make sure that we were offering opportunities. That's why I","{'neg': 0.0, 'neu': 0.833, 'pos': 0.167, 'compound': 0.7351}",0.7351,0.3311413675546646,0.5
64,How will you ensure equal opportunities for marginalized communities in our country?,"found that the Black and Hispanic unemployment rate was the lowest in history, lowest in history.","{'neg': 0.384, 'neu': 0.616, 'pos': 0.0, 'compound': -0.7964}",-0.7964,0.5341797471046448,0.8
65,Why do you believe you are fit to be the next leader of the United States of America?,Youre going to find out in about 38 days.,"{'neg': 0.0, 'neu': 1.0, 'pos': 0.0, 'compound': 0.0}",0.0,-0.0008143633604049,0.0
66,What is your overarching vision for the country?,My overarching vision for this country is that we restore the soul of the nation.,"{'neg': 0.0, 'neu': 0.756, 'pos': 0.244, 'compound': 0.4939}",0.4939,0.5677176304161549,0.7
67,What is your plan to manage inflation and ensure economic stability?,And we have a plan to deal with inflation.,"{'neg': 0.0, 'neu': 1.0, 'pos': 0.0, 'compound': 0.0}",0.0,-0.0473401919007301,0.5
68,How will you create jobs and reduce unemployment across the nation?,Its about time we start to do something. I dont want to hear anything about jobs not coming back. . .,"{'neg': 0.067, 'neu': 0.933, 'pos': 0.0, 'compound': -0.0572}",-0.0572,-0.7281273733824492,0.2
69,What steps will you take to balance the federal budget and manage the national debt?,"Well, first of all, I want to balance the federal budget, and I want to see the national debt come down.","{'neg': 0.113, 'neu': 0.676, 'pos': 0.212, 'compound': 0.0516}",0.0516,0.0601969212293624,0.2
70,How will you ensure that all Americans have access to quality and affordable healthcare?,Hes not for any help that will help people with healthcare.,"{'neg': 0.334, 'neu': 0.666, 'pos': 0.0, 'compound': -0.5448}",-0.5448,-0.6138203833252192,-0.5
71,How will your administration address the pressing challenges of environmental sustainability?,Environmental sustainability will be part of everything we do.,"{'neg': 0.0, 'neu': 1.0, 'pos': 0.0, 'compound': 0.0}",0.0,0.3609619475901127,0.8
72,What are your top priorities in regards to foreign policy?How will you strengthen America's national defense and handle relations with adversarial nations?,"My number one goal is to restore the sense of pride and a sense of purpose in this country. My foreign policy goals are very simple. One, we must have a strong national defense. Two, we must have strong diplomatic effort. We have to be able to talk","{'neg': 0.0, 'neu': 0.741, 'pos': 0.259, 'compound': 0.9001}",0.9001,0.3605241030454635,0.6
73,What are your top priorities in regards to foreign policy?How will you strengthen America's national defense and handle relations with adversarial nations?,to our adversaries.,"{'neg': 0.5, 'neu': 0.5, 'pos': 0.0, 'compound': -0.25}",-0.25,-0.1975305564701557,0.0
74,What reforms would you propose to improve the education system?,Im going to make sure that we have the best system.,"{'neg': 0.0, 'neu': 0.581, 'pos': 0.419, 'compound': 0.7579}",0.7579,0.808787539601326,0.8
75,How will you restore trust in government and ensure transparency in your administration?,"Ill be the guy whos honest with you. The first day I  in fact, I have this thing called the Biden plan. Ive used it from the very beginning, I say what Im going to do and keep my word.","{'neg': 0.068, 'neu': 0.852, 'pos': 0.08, 'compound': 0.128}",0.128,0.2293789908289909,0.2
76,What policies will you pursue to ensure equality and protect the rights of all Americans?,Im going to make sure that we have equal protection. You cant just look the other way.,"{'neg': 0.0, 'neu': 0.874, 'pos': 0.126, 'compound': 0.3182}",0.3182,0.2287103086709976,0.5
77,How will you lead the country through challenges and unite Americans with differing perspectives?,I can lead the country through a transition. I can lead the country to unite with something in common.,"{'neg': 0.0, 'neu': 1.0, 'pos': 0.0, 'compound': 0.0}",0.0,0.6858017090708017,0.6
78,"What is your plan to manage immigration in a way that balances national security, economic needs, and humanitarian responsibilities?","No, no. He has no idea what hes talking about. He doesnt have a plan.","{'neg': 0.375, 'neu': 0.625, 'pos': 0.0, 'compound': -0.6808}",-0.6808,-0.8711079959757626,-0.8
79,How will you ensure equal opportunities for marginalized communities in our country?,This is the United States of America. And we have not yet begun to live up to our promise.,"{'neg': 0.0, 'neu': 0.769, 'pos': 0.231, 'compound': 0.6249}",0.6249,-0.7368239406496286,-0.2
80,Why do you believe you are fit to be the next leader of the United States of America?,"Im fit to be president of the United States because, I know the United States, and you dont.","{'neg': 0.0, 'neu': 0.633, 'pos': 0.367, 'compound': 0.7964}",0.7964,0.0241707116365432,0.1
81,What is your overarching vision for the country?,My vision for this country is simple. I want to restore the soul of this country.,"{'neg': 0.0, 'neu': 0.686, 'pos': 0.314, 'compound': 0.5423}",0.5423,0.5659014731645584,0.5
82,What is your plan to manage inflation and ensure economic stability?,"Well, I do. I do know that the president's plan has worked. That is a fact. And here is what I know about Joe Biden. Joe Biden is not only a leader of the free world. He's also a husband, a father, and a grandfather. And the president is a man who","{'neg': 0.0, 'neu': 0.884, 'pos': 0.116, 'compound': 0.6597}",0.6597,0.6670224610716105,0.6
83,What is your plan to manage inflation and ensure economic stability?,"has been fighting for the American people his entire career, whether it was as a United States senator, whether it was as vice president, and now as president. The president has a plan, and that plan is to bring down inflation. He has a plan, and","{'neg': 0.054, 'neu': 0.886, 'pos': 0.06, 'compound': 0.0772}",0.0772,-0.0375876128673553,0.7
84,What is your plan to manage inflation and ensure economic stability?,"that plan has been to rebuild America. He has a plan, and that plan is about bringing manufacturing jobs back to the United States of America.","{'neg': 0.0, 'neu': 0.896, 'pos': 0.104, 'compound': 0.4215}",0.4215,0.4618654511868953,0.7
85,How will you create jobs and reduce unemployment across the nation?,Im going to create new jobs. Im going to create new opportunities.,"{'neg': 0.0, 'neu': 0.57, 'pos': 0.43, 'compound': 0.7003}",0.7003,0.8629292827099562,0.9
86,What steps will you take to balance the federal budget and manage the national debt?,"If you dont know the answer, the debt was $20 trillion when he took office. Its $31 trillion. The idea that he would balance the budget is utterly ridiculous.","{'neg': 0.164, 'neu': 0.836, 'pos': 0.0, 'compound': -0.6478}",-0.6478,-0.7429492343217134,-0.8
87,How will you ensure that all Americans have access to quality and affordable healthcare?,"Okay, lets talk about healthcare. Lets talk about healthcare.","{'neg': 0.0, 'neu': 0.808, 'pos': 0.192, 'compound': 0.2263}",0.2263,0.2208154238760471,0.0
88,How will your administration address the pressing challenges of environmental sustainability?,"In fact, I'll be the only President who has ever gone into a climate meeting, environmental meeting and said, I told you so. Because I was telling you so.","{'neg': 0.0, 'neu': 1.0, 'pos': 0.0, 'compound': 0.0}",0.0,0.2286767959594726,0.3
89,What are your top priorities in regards to foreign policy?How will you strengthen America's national defense and handle relations with adversarial nations?,"Well, let me tell you, we are going to make our national defense so strong that no one will ever, ever mess with us. And that includes China and Russia.","{'neg': 0.131, 'neu': 0.661, 'pos': 0.207, 'compound': 0.4362}",0.4362,0.754006952047348,0.7
90,What reforms would you propose to improve the education system?,"What I would do, I would make sure that we had, in fact, we have 110,000 public schools. I would make sure that we had 100,000 of those schools have at least 20% of their classroom spaces vacant.  And I would make sure that we had, in fact, we were","{'neg': 0.0, 'neu': 0.862, 'pos': 0.138, 'compound': 0.7096}",0.7096,0.0177236497402191,0.0
91,What reforms would you propose to improve the education system?,able to turn those into charter schools.,"{'neg': 0.0, 'neu': 1.0, 'pos': 0.0, 'compound': 0.0}",0.0,-0.1465368308126926,0.0
92,How will you restore trust in government and ensure transparency in your administration?,"And well, restore trust in government by having the people know the fact-","{'neg': 0.0, 'neu': 0.568, 'pos': 0.432, 'compound': 0.765}",0.765,0.0673850327730178,0.2
93,What policies will you pursue to ensure equality and protect the rights of all Americans?,And ensure equality and protect the rights of all Americans.,"{'neg': 0.0, 'neu': 0.606, 'pos': 0.394, 'compound': 0.6369}",0.6369,0.1145253330469131,1.0
94,How will you lead the country through challenges and unite Americans with differing perspectives?,"And if you dont, youre not going to unite the country.","{'neg': 0.0, 'neu': 1.0, 'pos': 0.0, 'compound': 0.0}",0.0,-0.7162185041233897,-0.5
95,"What is your plan to manage immigration in a way that balances national security, economic needs, and humanitarian responsibilities?",And that  that is the kind of immigration policy that I support.,"{'neg': 0.0, 'neu': 0.787, 'pos': 0.213, 'compound': 0.4019}",0.4019,0.6059986669570208,0.5
96,How will you ensure equal opportunities for marginalized communities in our country?,"And he is not making sure that we, in fact, try to provide equal opportunity for all people, as we should.","{'neg': 0.083, 'neu': 0.8, 'pos': 0.118, 'compound': 0.2115}",0.2115,-0.4754960983991623,-0.3
97,Why do you believe you are fit to be the next leader of the United States of America?,Because I know how to do the job. I know how to get the job done.,"{'neg': 0.0, 'neu': 1.0, 'pos': 0.0, 'compound': 0.0}",0.0,0.4129398800432682,0.5
98,What is your overarching vision for the country?,Youre not going to be able to shut him up. Let him finish.,"{'neg': 0.0, 'neu': 1.0, 'pos': 0.0, 'compound': 0.0}",0.0,-0.6000401992350817,0.0
99,What is your plan to manage inflation and ensure economic stability?,"Look, we are making significant progress on inflation. And we're continuing to make that progress.","{'neg': 0.0, 'neu': 0.619, 'pos': 0.381, 'compound': 0.7506}",0.7506,0.8764946006704122,0.7
100,How will you create jobs and reduce unemployment across the nation?,"Im going to create, just like Joe did, millions of new jobs. Im going to cut unemployment to a record low.","{'neg': 0.266, 'neu': 0.562, 'pos': 0.172, 'compound': -0.3612}",-0.3612,0.7453055512160063,0.8
101,What steps will you take to balance the federal budget and manage the national debt?,"And by the way, were going to balance the budget. Were going to get rid of the $23 trillion debt.","{'neg': 0.116, 'neu': 0.884, 'pos': 0.0, 'compound': -0.3612}",-0.3612,0.1413849219679832,0.5
102,How will you ensure that all Americans have access to quality and affordable healthcare?,"Yes, we will. We expanded it when we were in office. And well – and well expand it again.","{'neg': 0.0, 'neu': 0.603, 'pos': 0.397, 'compound': 0.802}",0.802,0.8153506363742054,0.7
103,How will your administration address the pressing challenges of environmental sustainability?,"The idea that were not going to be able to move to protect the environment is a lie, and he knows thats a lie.","{'neg': 0.0, 'neu': 0.89, 'pos': 0.11, 'compound': 0.3818}",0.3818,-0.7964235283434391,-0.5
104,What are your top priorities in regards to foreign policy?How will you strengthen America's national defense and handle relations with adversarial nations?,"We will make sure that we strengthen our alliances. We will make sure that we have the strongest military in the world, and we will not let Iran or North Korea or Putin or anyone else threaten our security.","{'neg': 0.054, 'neu': 0.69, 'pos': 0.255, 'compound': 0.8225}",0.8225,0.2291244491934776,0.8
105,What reforms would you propose to improve the education system?,Thats not what youre going to do. Youre not going to cut. Youre going to put more money in education.,"{'neg': 0.0, 'neu': 0.913, 'pos': 0.087, 'compound': 0.2057}",0.2057,-0.5474543273448944,0.2
106,How will you restore trust in government and ensure transparency in your administration?,Youre not going to be able to if you dont get the chance to respond.,"{'neg': 0.111, 'neu': 0.889, 'pos': 0.0, 'compound': -0.1877}",-0.1877,-0.6728027872741222,-0.5
107,What policies will you pursue to ensure equality and protect the rights of all Americans?,"Im going to make sure that everyone in this audience, all the people watching at home, are going to have the rights they deserve, to be free from violence and discrimination. Thats what Im going to do.","{'neg': 0.094, 'neu': 0.778, 'pos': 0.128, 'compound': 0.128}",0.128,0.5940904282033443,1.0
108,How will you lead the country through challenges and unite Americans with differing perspectives?,. . . Im going to lead the country. . .,"{'neg': 0.0, 'neu': 1.0, 'pos': 0.0, 'compound': 0.0}",0.0,0.2977089397609234,0.2
109,"What is your plan to manage immigration in a way that balances national security, economic needs, and humanitarian responsibilities?","No, I said we were going to get control of the border. We  we're going to get control of the border. We  we have to  we have to put the right resources there. We have to get the right people there. We have to make sure that we have a rational","{'neg': 0.043, 'neu': 0.913, 'pos': 0.045, 'compound': 0.0258}",0.0258,-0.0323990881443023,0.0
110,"What is your plan to manage immigration in a way that balances national security, economic needs, and humanitarian responsibilities?","immigration policy that allows people to come here, if they want to work hard and contribute to this country, and not come here to take advantage of us.","{'neg': 0.047, 'neu': 0.842, 'pos': 0.111, 'compound': 0.2263}",0.2263,0.2371370494365692,0.2
111,How will you ensure equal opportunities for marginalized communities in our country?,"Equal opportunity for all, with no preference, no discriminations, and no exceptions.","{'neg': 0.379, 'neu': 0.46, 'pos': 0.161, 'compound': -0.4215}",-0.4215,0.6335713770240545,1.0
112,Why do you believe you are fit to be the next leader of the United States of America?,Im fit to be president of the United States of America.,"{'neg': 0.0, 'neu': 0.629, 'pos': 0.371, 'compound': 0.6486}",0.6486,0.5820746570825577,0.5
113,What is your overarching vision for the country?,Yes. I have a two-minute vision for you.,"{'neg': 0.0, 'neu': 0.46, 'pos': 0.54, 'compound': 0.5719}",0.5719,0.4047745913267135,0.5
114,What is your plan to manage inflation and ensure economic stability?,I do have a plan to manage inflation. Ive got one.,"{'neg': 0.0, 'neu': 1.0, 'pos': 0.0, 'compound': 0.0}",0.0,0.1729164011776447,0.5
115,How will you create jobs and reduce unemployment across the nation?,Hows he going to get that done? Hows he going to get it done?,"{'neg': 0.0, 'neu': 1.0, 'pos': 0.0, 'compound': 0.0}",0.0,-0.1719764694571495,-0.5
116,What steps will you take to balance the federal budget and manage the national debt?,Im going to get rid of the national debt. Im going to grow the economy. Im going to get the federal budget balanced.,"{'neg': 0.102, 'neu': 0.898, 'pos': 0.0, 'compound': -0.3612}",-0.3612,0.6668672412633896,0.8
117,How will you ensure that all Americans have access to quality and affordable healthcare?,"Yes, I will.  and Ill protect it. And I tried to do it when we were in office.","{'neg': 0.133, 'neu': 0.616, 'pos': 0.251, 'compound': 0.3612}",0.3612,0.4140667878091335,0.5
118,How will your administration address the pressing challenges of environmental sustainability?,What we will do is we will we will rejoin the Paris Accord and make it  make it  and do our part.,"{'neg': 0.0, 'neu': 1.0, 'pos': 0.0, 'compound': 0.0}",0.0,0.5947139291092753,0.5
119,What are your top priorities in regards to foreign policy?How will you strengthen America's national defense and handle relations with adversarial nations?,"And I have a foreign policy plan. And here's what it is: one, we're going to make sure that we have the strong, that we keep the strongest military in the history of the world. Second, we're going to keep Iran from getting a nuclear weapon. Third,","{'neg': 0.043, 'neu': 0.789, 'pos': 0.168, 'compound': 0.743}",0.743,0.1233054809272289,0.2
120,What are your top priorities in regards to foreign policy?How will you strengthen America's national defense and handle relations with adversarial nations?,"we're going to make sure that we hold China accountable for the way in which they've dealt with us and the way in which they have abused American consumers and American businesses. Fourth, we're going to make sure that we are in a position where we","{'neg': 0.066, 'neu': 0.842, 'pos': 0.092, 'compound': 0.0772}",0.0772,-0.6159666478633881,-0.6
121,What are your top priorities in regards to foreign policy?How will you strengthen America's national defense and handle relations with adversarial nations?,"hold Russia accountable for the war crimes they are committing and that we help the Ukrainians as best we can. Fifth, I'm going to make sure that we deal with terrorism in a way that is consistent with American values.","{'neg': 0.158, 'neu': 0.596, 'pos': 0.246, 'compound': 0.4019}",0.4019,-0.2547832205891609,0.2
122,What reforms would you propose to improve the education system?,Im going to try to get the education system straight.,"{'neg': 0.0, 'neu': 0.826, 'pos': 0.174, 'compound': 0.2263}",0.2263,0.0065992474555969,0.3
123,How will you restore trust in government and ensure transparency in your administration?,Im not looking to restore trust in government. Im looking to have trust in government.,"{'neg': 0.092, 'neu': 0.586, 'pos': 0.322, 'compound': 0.6919}",0.6919,-0.2131724581122398,0.2
124,What policies will you pursue to ensure equality and protect the rights of all Americans?,And we're going to make sure that we have equality and we  civil rights and voting rights for all Americans.,"{'neg': 0.0, 'neu': 0.892, 'pos': 0.108, 'compound': 0.3182}",0.3182,0.2955478094518184,0.8
125,How will you lead the country through challenges and unite Americans with differing perspectives?,I will be a president for all Americans. I will work hard to earn your vote.,"{'neg': 0.104, 'neu': 0.896, 'pos': 0.0, 'compound': -0.1027}",-0.1027,0.8602178134024143,0.8
126,"What is your plan to manage immigration in a way that balances national security, economic needs, and humanitarian responsibilities?","Well, we can manage the immigration in a way that it meets the needs of our economy, national security and upholds our humanitarian responsibilities.","{'neg': 0.0, 'neu': 0.824, 'pos': 0.176, 'compound': 0.5423}",0.5423,0.3142752051353454,0.6
127,How will you ensure equal opportunities for marginalized communities in our country?,Thank you. Thank you. Thank you. Thank you. Thank you. Thank you.,"{'neg': 0.0, 'neu': 0.286, 'pos': 0.714, 'compound': 0.9186}",0.9186,0.9756906398106366,1.0
128,Why do you believe you are fit to be the next leader of the United States of America?,Im fit to be president of the United States because I work for you.,"{'neg': 0.0, 'neu': 0.675, 'pos': 0.325, 'compound': 0.6486}",0.6486,0.3988000750541687,0.5
129,What is your overarching vision for the country?, to bring this country together.,"{'neg': 0.0, 'neu': 1.0, 'pos': 0.0, 'compound': 0.0}",0.0,0.5154943466186523,0.5
130,What is your plan to manage inflation and ensure economic stability?,Thats his plan. You know what I want to do? I want to build an economy where you can feel the dignity of work. Where it pays to work. Where you can raise your family. You cant do that now. This guy is the reason why inflation has gone up.,"{'neg': 0.0, 'neu': 0.895, 'pos': 0.105, 'compound': 0.5106}",0.5106,-0.4087113738059997,-0.5
131,How will you create jobs and reduce unemployment across the nation?,And I will create jobs and I will create jobs.,"{'neg': 0.0, 'neu': 0.588, 'pos': 0.412, 'compound': 0.4939}",0.4939,0.5565336290746927,0.5
132,What steps will you take to balance the federal budget and manage the national debt?,All of this can be paid for. We can balance the budget. We can save $1 trillion in the next decade.,"{'neg': 0.0, 'neu': 0.862, 'pos': 0.138, 'compound': 0.4939}",0.4939,0.7224861867725849,0.8
133,How will you ensure that all Americans have access to quality and affordable healthcare?,Im going to make sure all Americans have access to healthcare.,"{'neg': 0.0, 'neu': 0.813, 'pos': 0.187, 'compound': 0.3182}",0.3182,0.3806288316845894,1.0
134,How will your administration address the pressing challenges of environmental sustainability?,"Environmental sustainability? Well, Im the guy that extended the vote for environmental sustainability. Thats why I have a 50-50 plan for dealing with the environment.","{'neg': 0.0, 'neu': 0.913, 'pos': 0.087, 'compound': 0.2732}",0.2732,0.2698180228471756,0.5
135,What are your top priorities in regards to foreign policy?How will you strengthen America's national defense and handle relations with adversarial nations?,"Well, first of all, I'm going to rebuild our military. We're going to be ready to go anywhere in the world. And if I'm president of the United States, you're going to see that. Number two, we're going to make sure that we keep the peace. We kept","{'neg': 0.0, 'neu': 0.743, 'pos': 0.257, 'compound': 0.91}",0.91,0.5286082774400711,0.5
136,What are your top priorities in regards to foreign policy?How will you strengthen America's national defense and handle relations with adversarial nations?,"peace in the world, in the last administration, kept it peaceful. And number three, we're going to hold China accountable. They're not bad folks. They're not bad folks. But guess what? They're not a great. . . They're not a great country. They're not","{'neg': 0.173, 'neu': 0.644, 'pos': 0.183, 'compound': -0.5472}",-0.5472,-0.3720176592469215,0.1
137,What are your top priorities in regards to foreign policy?How will you strengthen America's national defense and handle relations with adversarial nations?,a great country.,"{'neg': 0.0, 'neu': 0.196, 'pos': 0.804, 'compound': 0.6249}",0.6249,0.8999534789472818,1.0
138,What reforms would you propose to improve the education system?,"Yes, Id make reforms to the education system.","{'neg': 0.0, 'neu': 0.722, 'pos': 0.278, 'compound': 0.4019}",0.4019,0.2140827625989914,0.5
139,How will you restore trust in government and ensure transparency in your administration?,"I will not. I will have a – a very, very specific plan on how I do that. And I will – I will restore trust in government. I will – I will have transparency in my administration. There will be no – no – no – no lies. We're going to find out the truth.","{'neg': 0.221, 'neu': 0.63, 'pos': 0.149, 'compound': -0.4215}",-0.4215,0.2188023626804351,0.7
140,How will you restore trust in government and ensure transparency in your administration?,"And if there are any lies, we will, in fact, punish them.","{'neg': 0.383, 'neu': 0.617, 'pos': 0.0, 'compound': -0.7351}",-0.7351,-0.8836133629083633,-0.5
141,What policies will you pursue to ensure equality and protect the rights of all Americans?,"On the issues of equality, I am the only candidate on that stage who has a  . . .","{'neg': 0.0, 'neu': 1.0, 'pos': 0.0, 'compound': 0.0}",0.0,0.3609760738909244,0.5
142,How will you lead the country through challenges and unite Americans with differing perspectives?,How can I unite us if you wont listen to me?,"{'neg': 0.0, 'neu': 1.0, 'pos': 0.0, 'compound': 0.0}",0.0,-0.6385609563440084,-0.5
143,"What is your plan to manage immigration in a way that balances national security, economic needs, and humanitarian responsibilities?","We need to not just have a secure border, but manage it in a way that  we can take care of our humanitarian responsibility, but also deal with the fact that we need people coming into our country.","{'neg': 0.038, 'neu': 0.854, 'pos': 0.108, 'compound': 0.5834}",0.5834,-0.030457392334938,0.2
144,How will you ensure equal opportunities for marginalized communities in our country?,I will. Equal opportunity is not enough. Equal opportunity is not enough.,"{'neg': 0.0, 'neu': 0.616, 'pos': 0.384, 'compound': 0.6808}",0.6808,-0.5558096915483475,0.0
145,Why do you believe you are fit to be the next leader of the United States of America?,Youre not going to be able to shut him up. Let him answer.,"{'neg': 0.0, 'neu': 1.0, 'pos': 0.0, 'compound': 0.0}",0.0,-0.5192332249134779,0.0
146,What is your overarching vision for the country?,"Yes, I do. I do. I have a 45 plan.","{'neg': 0.0, 'neu': 0.649, 'pos': 0.351, 'compound': 0.4019}",0.4019,0.5714109614491463,0.5
147,What is your plan to manage inflation and ensure economic stability?,"But the problem is, the inflation is caused by – we caused the inflation.","{'neg': 0.228, 'neu': 0.772, 'pos': 0.0, 'compound': -0.5499}",-0.5499,-0.7764346776530147,-0.5
148,How will you create jobs and reduce unemployment across the nation?,We have created 12 million new jobs since we came to office.,"{'neg': 0.0, 'neu': 0.846, 'pos': 0.154, 'compound': 0.25}",0.25,0.9005467793904245,0.8
149,What steps will you take to balance the federal budget and manage the national debt?,"No, no, no. One of the ways you balance the budget is you reduce the cost of the federal government. There's 70 billion dollars of waste in the federal government. There's 15 billion dollars of fraud in Medicare. There's 10 billion dollars of fraud","{'neg': 0.309, 'neu': 0.691, 'pos': 0.0, 'compound': -0.9432}",-0.9432,-0.7444315757602453,-0.7
150,What steps will you take to balance the federal budget and manage the national debt?,in Medicaid. There's 80 billion dollars of waste in the Pentagon. There's 40 billion dollars of improper payments that they make every year.,"{'neg': 0.113, 'neu': 0.887, 'pos': 0.0, 'compound': -0.4215}",-0.4215,-0.8652915302664042,-0.6
151,How will you ensure that all Americans have access to quality and affordable healthcare?,Because I want to make sure we have healthcare. I want to make sure we have –,"{'neg': 0.0, 'neu': 0.581, 'pos': 0.419, 'compound': 0.6369}",0.6369,0.2660635486245155,0.5
152,How will your administration address the pressing challenges of environmental sustainability?,Environmental sustainability will be a major part of my plan.,"{'neg': 0.0, 'neu': 1.0, 'pos': 0.0, 'compound': 0.0}",0.0,0.7230245633982122,0.7
153,What are your top priorities in regards to foreign policy?How will you strengthen America's national defense and handle relations with adversarial nations?,"So, if I dont get to have any questions, I get to ask my own question, which I am going to do right now.","{'neg': 0.0, 'neu': 1.0, 'pos': 0.0, 'compound': 0.0}",0.0,-0.0775236338376998,0.2
154,What reforms would you propose to improve the education system?,Im going to make a major speech on this in a few weeks. I have it all ready.,"{'neg': 0.0, 'neu': 0.848, 'pos': 0.152, 'compound': 0.3612}",0.3612,0.671952688600868,0.8
155,How will you restore trust in government and ensure transparency in your administration?,And Ill make government do its job fairly. Its going to issue its job fairly. Its going to issue its job fairly.,"{'neg': 0.118, 'neu': 0.882, 'pos': 0.0, 'compound': -0.4215}",-0.4215,0.0838906243443489,0.0
156,What policies will you pursue to ensure equality and protect the rights of all Americans?,And we're going to make sure that we protect the rights of all Americans.,"{'neg': 0.0, 'neu': 0.71, 'pos': 0.29, 'compound': 0.5994}",0.5994,0.1346239522099495,0.8
157,How will you lead the country through challenges and unite Americans with differing perspectives?,We have – we have to unite the country. We have to come together.,"{'neg': 0.0, 'neu': 1.0, 'pos': 0.0, 'compound': 0.0}",0.0,0.504409734159708,0.5
158,"What is your plan to manage immigration in a way that balances national security, economic needs, and humanitarian responsibilities?",Thank you. Thank you. Thank you.,"{'neg': 0.0, 'neu': 0.286, 'pos': 0.714, 'compound': 0.7579}",0.7579,0.9706263970583676,1.0
159,How will you ensure equal opportunities for marginalized communities in our country?,"This is the guy who ran for office saying, I can only help the Black folks. I can only help the Black folks.","{'neg': 0.0, 'neu': 0.779, 'pos': 0.221, 'compound': 0.6597}",0.6597,-0.0218379348516464,-0.5
